,Unnamed: 0,title,company,location,salary,summary
0,0,Conversational AI Designer,Uniphore,"Bengaluru, Karnataka",,"Analyze transcripts of user interactions and document their personas and language in order to create grammars and interaction models (intents, utterances, slots…"
1,1,UX Interaction Designer,Algonomy,"Remote in Bengaluru, Karnataka",,"Collaborate with a team of designers, researchers, engineers, and product managers.Algonomy is made up of multi-disciplinary teams of UX designers, front and…"
2,2,Designer 2,Microsoft,"Bengaluru, Karnataka",,"Experience working on a multi-disciplinary team of designers, PMs, and developers.As a designer on our team, you’ll be responsible for delivering design and…"
3,3,System Designer,Philips,"Hybrid remote in Bengaluru, Karnataka",,"Supporting definition and execution of our roadmap in relation to clinical applications, Windows and Cloud based platforms, serviceability, remote interaction…"
4,4,newAssociate Product Designer,Gainsight,"Bengaluru, Karnataka",,Gainsight is looking for passionate product designers with 3+ years of interaction design experience.Your role will include both interaction and visual design.
5,5,Staff UX Interaction Designer,GE Digital,"Bengaluru, Karnataka",,"Responsible for the creation of useful and desirable software product and service experiences for physical-digital technology programs such as inspection, deep…"
6,6,Product Designer,cloudsek,"Remote in Bengaluru, Karnataka",,"Ability to innovate and develop out-of-the-box solutions to complex user interaction problems.XVigil - Our SaaS-based product XVigil, helps clients assess…"
7,7,Website Designer,Tekion,"Bengaluru, Karnataka",,"Identify and create micro interactions/transitions/gestures for each product for website you're designing.Create wireframes, storyboards, user flows, process…"
8,8,Visual Designer,IBM,"Bengaluru, Karnataka",,Work closely with user experience designers to create stunning visual designs.You will be responsible for bringing wireframes and interaction designs alive…
9,9,newUrgent Hiring For Social Media Marketing Specialist-Bengalur...,Gnani.ai,"Bengaluru, Karnataka",,"*Work with copywriters and designers to ensure content is informative and appealing*.*Collects customer data and analyses interactions and visits, plus uses…"
10,10,DX/UX Researcher,Intel,"Bengaluru, Karnataka",,"The candidate will also collaborate closely with internal and external teams of UX designers, solution architects, and product owners to establish conceptual…"
11,11,UX Researcher,BeingUser,"Bengaluru, Karnataka",,"Pursuit of relevant college degree (branches of experimental psychology, human computer interaction, human factors, or related field)."
12,12,UX Designer II,Microsoft,"Bengaluru, Karnataka",,"You’ll work in a focused team collaborating with fellow designer, content designers, interaction designers, visual and motion designers, qualitative researchers…"
13,13,Head of UI/UX Design,Wells Fargo,"Bengaluru, Karnataka",,"Directly managing a team of interaction designers, visual designers, content strategists/editors, UX researchers and design delivery producers."
14,14,Senior Designer,Microsoft,"Bengaluru, Karnataka",,"Fluent in current interaction design tools (Figma, Adobe CC, etc.).In this role, you’ll design experiences for customer support agents, their managers, and…"
15,15,Senior Product Designer,Gainsight,"Bengaluru, Karnataka",,Gainsight is looking for passionate product designers with 3+ years of interaction design experience.Your role will include both interaction and visual design.
16,16,User Experience Designer (Bengaluru / Hyderabad / Chennai /...,Tiger Analytics,"Remote in Bengaluru, Karnataka",,"Collaborate and review designs with other designers to ensure a consistent, integrated brand perception for better user experience."
17,17,PAS WFA Learning- Graphic Designer,EY GDS,"Bengaluru, Karnataka",,The individual should be prepared to work in a dynamic and flexible environment and changing requirements with frequent client interactions.
18,18,Social Media Lead,AIMLEAP - Outsource Bigdata,"Remote in Bengaluru, Karnataka",,"A demonstrated ability to engage developers, designers, and entrepreneurs is a plus.While ensuring real-time interaction with mentions, news, and social media…"
19,19,Ethernet Technology Solutions Engineer,Intel,"Hybrid remote in Bengaluru, Karnataka",,BS with 10 to 14 years of experience or MS with 8 to 12 years of experience in Computer Science Electrical Engineering or related field - 3 years of team growth…
20,20,UX Designer,Drishti,"Bengaluru, Karnataka",,Drishti is a leading computer vision (AI) company that uses video analytics to provide business insights.You are expected to develop an understanding of the…
21,21,Product Manager,Khoros,"Bengaluru, Karnataka",,"Proven ability to engage with engineers, designers, and company leaders in a constructive and collaborative relationship."
22,22,Client Technology - Experience Designer,EY,"Bengaluru, Karnataka",,"Guides the design of new digital user experiences and improvements to existing digital experiences, leading project results and serving as the key day-to-day…"
23,23,Senior System Designer - IGT Systems,Philips,"Bengaluru, Karnataka",,Support definition and execution of our roadmap in relation to serviceability and remote interaction and data gathering.
24,24,newUX-UI developer,IBM,"Bengaluru, Karnataka",,"Work closely with user experience designers to create stunning UI designs.Experience in solving complex user problems through user interface design, creating…"
25,25,Visual Designer,Synctactic AI,"JP Nagar, Bengaluru, Karnataka",,"Experience collaborating with multidisciplinary UX and/or product teams (motion, interaction, UX research, engineering, content strategy) on technical…"
26,26,Product Designer,sybill,"Remote in Bengaluru, Karnataka",,"You will be handling interaction design and be collaborating with a cross-functional team of engineers, data scientists, product managers, and salespeople to…"
27,27,Social Media Executive,Gnani Innovations,"Bengaluru, Karnataka",,"Work with copywriters and designers to ensure content is informative and appealing.Collects customer data and analyses interactions and visits, plus uses this…"
28,28,Test Analyst,Cardinal Health,"Bengaluru, Karnataka",,Ability working within a customer organization leveraging strong interpersonal skills to enable interaction with and gathering requirements from various…
29,29,newCN - Strategy - MC - Comms & Media - Non Networks - 09,Accenture,"Bengaluru, Karnataka",,"Knowledge of Telco BSS/OSS stack, its various components, and interactions / flows.Practice: Comms & Media, Industry Consulting, Capability Network I Areas of…"
30,30,Lead Product Designer,MoEngage Inc,"Temporarily Remote in Bengaluru, Karnataka",,"A designer who can understand the needs of the customer and translate them into actionable design.Has a bachelors or masters degree in design, human-computer…"
31,31,Senior UI Designer,Carrier,"Bengaluru, Karnataka",,Create overall concepts for the user experience within a mobile app and webpage ensuring all interactions are intuitive and easy for customers.
32,32,Software Developer Trainee - Node.js,Enterprise Bot,"Bengaluru, Karnataka",,"Liaise with developers, designers, and system administrators to identify new features.Participate in the entire application lifecycle, focusing on coding and…"
33,33,Team Lead/Consultant-Data Science,Accenture,"Bengaluru, Karnataka",,"Your primary upward interactions are with your direct supervisor.Years of Experience: 7-11 years.You will be required to utilize the existing frameworks,…"
34,34,User Experience Developer 3-ProdDev,Oracle,"Bengaluru, Karnataka",,"May develop user profiles, with emphasis on human error control, display issues, visual interaction, physical manipulation and task and objective analyses."
35,35,Design Lead - Samya.ai,Fractal.ai,"Bengaluru, Karnataka",,May have started their career in research & strategy or in interaction/information design but have graduated to leading projects end-to-end for the last 2-3…
36,36,UX design Lead,IBM,"Bengaluru, Karnataka",,Experienced UX designer to work on IBM Storage offerings.Portfolio of previous work must be presented incorporating UI designs and/or sketches that demonstrate…
37,37,UI/UX Designers,Fractal.ai,"Bengaluru, Karnataka",,"Work closely with business consultants, data engineers and designers to conceptualize intuitive, delightful, pixel-perfect interfaces and visual design…"
38,38,Lead UX Designer,cloudsek,"Remote in Bengaluru, Karnataka",,Familiarity with interaction design and information architecture.Work with UI designers to implement attractive designs.Conducting user research and testing.
39,39,SDE IV - UI,Glance,"Bengaluru, Karnataka",,"You will own the front-end development for one or more of our products and collaborate with visual/interaction designers, other engineers, and product managers…"
40,40,DigitalBCG | Platinion Engineer,Boston Consulting Group,"Bengaluru, Karnataka",,"Leadership potential to transform the consulting industry in particular around interaction with designers, architects and product owners."
41,41,ASIC Design Specialist/Lead (Wireless R&D),Qcom,"Bengaluru, Karnataka",,"Lead a team of RTL designers, DV engineers to define and execute complex subsystems.Cross-site and Cross-functional interaction with teams is needed on a daily…"
42,42,BFS_APAC_Europe | Senior UX Designer,Accolite Software India,"Bengaluru, Karnataka",,UX Research & Analysis - User Segmentation and Profiling - Persona Creation - User Interviews - Focus Group - Heuristic Evaluation - Usability Analysis - User…
43,43,Product Manager,Entropik Tech,"Bengaluru, Karnataka",,"You will report to the Chief Product Officer and will work closely with the User Experience designer, stakeholders from the Insights Team and a variety of…"
44,44,User Researcher,IBM,"Bengaluru, Karnataka",,"Software Developers at IBM are the backbone of our strategic initiatives to design, code, test, and provide industry-leading solutions that make the world run…"
45,45,Director of Product Design,MoEngage Inc,"Temporarily Remote in Bengaluru, Karnataka",,"Drive UX reviews and feedback sessions with UX designers and guide them with structure, process and solutions.You will be reporting to the SVP of Product."
46,46,Sr UI Developer,Cliksource,"Remote in Bengaluru, Karnataka",,"Expertise as UI designer (5 years +).Experience in mentoring UI developers/designers (2 years +).Proficiency in visual design, micro-interaction, and…"
47,47,Senior Staff Engineer - Validation,Infineon Technologies,"Bengaluru, Karnataka",,"Work with Application & Concept Engineers, IP designers, Verification, Validation and Software teams to collect requirements on validation, prepare the…"
48,48,UX Manager,Zycus,"Bengaluru, Karnataka","₹30,00,000 - ₹40,00,000 a year","Experience leading, mentoring and managing/developing a team of UI/UX designers and researchers.This role includes all the critical aspects of UX function -…"
49,49,Senior Product Designer,MoEngage Inc,"Temporarily Remote in Bengaluru, Karnataka",,"A designer who can understand the needs of the customer and translate them into the actionable design.Has a bachelors or masters degree in design, human…"
50,50,Product Design Lead,Zycus,"Bengaluru, Karnataka","₹30,00,000 - ₹40,00,000 a year","Experience leading, mentoring and managing/developing a team of UI/UX designers and researchers.This role includes all the critical aspects of UX function -…"
51,51,Senior UI Designer,Zycus,"Bengaluru, Karnataka","₹20,00,000 - ₹30,00,000 a year","Will manage the interaction designers and visual designers in the team.3-8 years of relevant experience as a Interaction/ UX designer, information architect,…"
52,52,Senior Engineer -CPU System IP Verification,Arm,"Bengaluru, Karnataka",,"Being a part of our team, you will push Arm CPUs and system IP components to their functional limits – targeting the IP’s internal microarchitecture, as well as…"
53,53,Web Developer,Entropik Tech,"Bengaluru, Karnataka",,"Cooperate with web designers, agencies to match visual design intent and code quality.Write well designed, testable, efficient code by using best software…"
54,54,Senior UI/UX Designer,Product,"Bengaluru, Karnataka",,Wadhwani Venture Fastrack: Maximizes success rates of early-stage startups with enhanced business traction and funding opportunities.
55,55,Senior Android SDK/ Middleware Developer (SDE3),Digit88 Technologies,"Bengaluru, Karnataka",,"You'll be empowered to provide user design feedback for UX designers and collaborate closely with designers, QA, and product managers."
56,56,Sr UX Product Designer,Cliksource,"Remote in Bengaluru, Karnataka",,"Expertise as UI designer (5 years +).Experience in mentoring UI developers/designers (2 years +).Proficiency in visual design, micro-interaction, and…"
57,57,Senior Manager UI Designer,Zycus,"Bengaluru, Karnataka","₹20,00,000 - ₹30,00,000 a year","Will manage the interaction designers and visual designers in the team.3-8 years of relevant experience as a Interaction/ UX designer, information architect,…"
58,58,Product Manager,Entropik Tech,"Bengaluru, Karnataka",,"You will report to the Chief Product Officer and will work closely with the User Experience designer, stakeholders from the Insights Team and a variety of…"
59,59,User Researcher,IBM,"Bengaluru, Karnataka",,"Software Developers at IBM are the backbone of our strategic initiatives to design, code, test, and provide industry-leading solutions that make the world run…"
60,60,Director of Product Design,MoEngage Inc,"Temporarily Remote in Bengaluru, Karnataka",,"Drive UX reviews and feedback sessions with UX designers and guide them with structure, process and solutions.You will be reporting to the SVP of Product."
61,61,Sr UI Developer,Cliksource,"Remote in Bengaluru, Karnataka",,"Expertise as UI designer (5 years +).Experience in mentoring UI developers/designers (2 years +).Proficiency in visual design, micro-interaction, and…"
62,62,Senior Staff Engineer - Validation,Infineon Technologies,"Bengaluru, Karnataka",,"Work with Application & Concept Engineers, IP designers, Verification, Validation and Software teams to collect requirements on validation, prepare the…"
63,63,UX Manager,Zycus,"Bengaluru, Karnataka","₹30,00,000 - ₹40,00,000 a year","Experience leading, mentoring and managing/developing a team of UI/UX designers and researchers.This role includes all the critical aspects of UX function -…"
64,64,Senior Product Designer,MoEngage Inc,"Temporarily Remote in Bengaluru, Karnataka",,"A designer who can understand the needs of the customer and translate them into the actionable design.Has a bachelors or masters degree in design, human…"
65,65,Product Design Lead,Zycus,"Bengaluru, Karnataka","₹30,00,000 - ₹40,00,000 a year","Experience leading, mentoring and managing/developing a team of UI/UX designers and researchers.This role includes all the critical aspects of UX function -…"
66,66,Senior UI Designer,Zycus,"Bengaluru, Karnataka","₹20,00,000 - ₹30,00,000 a year","Will manage the interaction designers and visual designers in the team.3-8 years of relevant experience as a Interaction/ UX designer, information architect,…"
67,67,Senior Engineer -CPU System IP Verification,Arm,"Bengaluru, Karnataka",,"Being a part of our team, you will push Arm CPUs and system IP components to their functional limits – targeting the IP’s internal microarchitecture, as well as…"
68,68,Web Developer,Entropik Tech,"Bengaluru, Karnataka",,"Cooperate with web designers, agencies to match visual design intent and code quality.Write well designed, testable, efficient code by using best software…"
69,69,Senior UI/UX Designer,Product,"Bengaluru, Karnataka",,Wadhwani Venture Fastrack: Maximizes success rates of early-stage startups with enhanced business traction and funding opportunities.
70,70,Senior Android SDK/ Middleware Developer (SDE3),Digit88 Technologies,"Bengaluru, Karnataka",,"You'll be empowered to provide user design feedback for UX designers and collaborate closely with designers, QA, and product managers."
71,71,Sr UX Product Designer,Cliksource,"Remote in Bengaluru, Karnataka",,"Expertise as UI designer (5 years +).Experience in mentoring UI developers/designers (2 years +).Proficiency in visual design, micro-interaction, and…"
72,72,Senior Manager UI Designer,Zycus,"Bengaluru, Karnataka","₹20,00,000 - ₹30,00,000 a year","Will manage the interaction designers and visual designers in the team.3-8 years of relevant experience as a Interaction/ UX designer, information architect,…"
73,0,Experience Designer - Conversation Design,Bank of America,"Boston, MA 02110 (Downtown area)",,"Experience influencing the full customer journey, balancing grace and passion in your daily interactions with teammates, partners and senior leaders."
74,1,newUX Designer,Geologics Corporation,"Remote in Bedford, MA 01730",,"The ability to communicate design concepts through mock ups, interaction flows and prototypes.The UX Designer is expected to work within a team of fellow…"
75,2,Sr. UX Designer,Amazon.com Services LLC,"Boston, MA",,"5+ years of experience as a user experience designer, product designer, interaction designer, or similar role."
76,3,"Senior UX Designer - AI Platform, SageMaker Design Team","Amazon Dev Center U.S., Inc.","Boston, MA",,"7+ years of experience as a user experience designer, product designer, interaction designer, or similar role."
77,4,Sr. UX Designer – AI Platform,Schneider Electric,"Andover, MA 01810",,"Industry experience as a user experience designer, interaction designer, information architect, or similar design-related role."
78,5,Senior Experience Designer,EPAM Systems,"Boston, MA",,"Organize work with other experience designers as appropriate and provide mentorship.Collaborate with cross-functional design teams on process, interaction…"
79,6,"Conversational AI and VUI Designer, Consultant - Applied Art...",Deloitte,"Boston, MA 02116 (Back Bay area)",,"Bachelor's degree in linguistics, English/creative writing/literatures, human-computer interaction, interaction design, or a related content or design field."
80,7,Sr. UX Deisgner,Retail Business Services,"Quincy, MA 02169",,"Passion designing for solutions involving emerging technologies, which may include software apps, AR/VR, IoT, robotics, 3D printing, voice interaction, AI/ML…"
81,8,"Senior Product Designer, AI/Product Platform",HubSpot,"Remote in Cambridge, MA 02141",,We give each designer the responsibility and ownership to chart the course for their designs throughout the product and across teams.
82,9,Data Visualization Designer,MORSE Corp,"Cambridge, MA 02139 (Cambridgeport area)",,"As a Data Visualization Designer you will lead design efforts for novel, cutting edge mobile, web, and software applications in ML/AI, big data, aerospace, and…"
83,10,UX Designer Lead,Neural Magic,"Somerville, MA",,"Deliver, review and critique the UX Designs of a multi-skilled design team to ensure effective and rich designs (great interaction, visual expression,…"
84,11,Experience Designer - Conversation Design,Bank of America,"Boston, MA 02110 (Downtown area)",,"Experience influencing the full customer journey, balancing grace and passion in your daily interactions with teammates, partners and senior leaders."
85,12,newUX Designer,Geologics Corporation,"Remote in Bedford, MA 01730",,"The ability to communicate design concepts through mock ups, interaction flows and prototypes.The UX Designer is expected to work within a team of fellow…"
86,13,Sr. UX Designer,Amazon.com Services LLC,"Boston, MA",,"5+ years of experience as a user experience designer, product designer, interaction designer, or similar role."
87,14,"Senior UX Designer - AI Platform, SageMaker Design Team","Amazon Dev Center U.S., Inc.","Boston, MA",,"7+ years of experience as a user experience designer, product designer, interaction designer, or similar role."
88,15,Sr. UX Designer – AI Platform,Schneider Electric,"Andover, MA 01810",,"Industry experience as a user experience designer, interaction designer, information architect, or similar design-related role."
89,16,Senior Experience Designer,EPAM Systems,"Boston, MA",,"Organize work with other experience designers as appropriate and provide mentorship.Collaborate with cross-functional design teams on process, interaction…"
90,17,"Conversational AI and VUI Designer, Consultant - Applied Art...",Deloitte,"Boston, MA 02116 (Back Bay area)",,"Bachelor's degree in linguistics, English/creative writing/literatures, human-computer interaction, interaction design, or a related content or design field."
91,18,Sr. UX Deisgner,Retail Business Services,"Quincy, MA 02169",,"Passion designing for solutions involving emerging technologies, which may include software apps, AR/VR, IoT, robotics, 3D printing, voice interaction, AI/ML…"
92,19,"Senior Product Designer, AI/Product Platform",HubSpot,"Remote in Cambridge, MA 02141",,We give each designer the responsibility and ownership to chart the course for their designs throughout the product and across teams.
93,20,Data Visualization Designer,MORSE Corp,"Cambridge, MA 02139 (Cambridgeport area)",,"As a Data Visualization Designer you will lead design efforts for novel, cutting edge mobile, web, and software applications in ML/AI, big data, aerospace, and…"
94,21,UX Designer Lead,Neural Magic,"Somerville, MA",,"Deliver, review and critique the UX Designs of a multi-skilled design team to ensure effective and rich designs (great interaction, visual expression,…"
95,0,"Associate, Digital Product Designer",KPMG,"Los Angeles, CA 90071 (Downtown area)",,"Familiar with Agile and Lean UX methodologies, interaction design (IxD), user experience design (UX), visual experience design (VX), branding, content strategy,…"
96,1,"Principal Designer, UX",Ancestry,"Los Angeles, CA",,"10+ years of industry experience as a UX designer, interaction designer, or similar design-related role.Collaborate with other designers to maintain design…"
97,2,Video Game: UI/UX Designer,Carbonated Games,"Los Angeles, CA",,Work closely with designers to ensure consistent visual language.2+ years working as a UI artist in a mobile gaming or interaction design field.
98,3,Staff Product Designer,"Faraday Future, Inc.","Gardena, CA+2 locations",,"10+ years of industry experience designing digital products/software as a product designer, user experience designer, interaction designer, information…"
99,4,Senior UX Designer,Xperi,"Calabasas, CA 91302",,Senior designers generally have 7+ years experience and are expected to solve more complex problems.We want candidates with significant user-interaction design…
100,5,"Conversational AI and VUI Designer, Consultant - Applied Art...",Deloitte,"Los Angeles, CA 90013 (Downtown area)",,"Bachelor's degree in linguistics, English/creative writing/literatures, human-computer interaction, interaction design, or a related content or design field."
101,6,Senior Product Designer & UX Architect for Revolutionary AI...,Syrinx,"Temporarily Remote in Altadena, CA 91001",,"Passion for modern UX methodologies, UI design and interaction patterns.Lead, coach, and mentor other designers on our team.6-month contract-to-hire."
102,7,"Principal Designer, UX",Ancestry,"Los Angeles, CA",,"10+ years of industry experience as a UX designer, interaction designer, or similar design-related role.Collaborate with other designers to maintain design…"
103,8,"Associate, Digital Product Designer",KPMG,"Los Angeles, CA 90071 (Downtown area)",,"Familiar with Agile and Lean UX methodologies, interaction design (IxD), user experience design (UX), visual experience design (VX), branding, content strategy,…"
104,9,Video Game: UI/UX Designer,Carbonated Games,"Los Angeles, CA",,Work closely with designers to ensure consistent visual language.2+ years working as a UI artist in a mobile gaming or interaction design field.
105,10,Staff Product Designer,"Faraday Future, Inc.","Gardena, CA+2 locations",,"10+ years of industry experience designing digital products/software as a product designer, user experience designer, interaction designer, information…"
106,11,"Conversational AI and VUI Designer, Consultant - Applied Art...",Deloitte,"Los Angeles, CA 90013 (Downtown area)",,"Bachelor's degree in linguistics, English/creative writing/literatures, human-computer interaction, interaction design, or a related content or design field."
107,12,Senior UX Designer,Xperi,"Calabasas, CA 91302",,Senior designers generally have 7+ years experience and are expected to solve more complex problems.We want candidates with significant user-interaction design…
108,13,Senior Product Designer & UX Architect for Revolutionary AI...,Syrinx,"Temporarily Remote in Altadena, CA 91001",,"Passion for modern UX methodologies, UI design and interaction patterns.Lead, coach, and mentor other designers on our team.6-month contract-to-hire."
109,0,Conversation (AI) Designer - Fjord,Accenture,London,,Interest and point of view on human-computer interaction/the field of conversation design and its potential.Or may have re-designed a call centre virtual agent…
110,1,Junior Product Designer - QuantumBlack Labs,McKinsey & Company,London,,"Graduate degree in design, human computer interaction, or a related field.... work alongside senior designers to create products and experiences that shape and…"
111,2,Crypto-asset Analytical Framework Designer,Moody's,Remote in London,,Analytical Tools and Solutions (ATS) is responsible for the quantitative models and analytical tools used in the rating process and across MIS.
112,3,newConversational UX Designer,"JPMorgan Chase Bank, N.A.",London,,"Experience partnering with other designers, product managers, and engineers throughout a project lifecycle.A background in interaction design for products or…"
113,4,Junior UX Researcher,Sentieo,Remote in London,,"Work with designers, product managers, and engineers to determine research objectives.Our Design & Insights team drives the experience vision to make Sentieo…"
114,5,newfrog - Senior Transformation Service Designer,Capgemini Invent,London,,You will develop trusted client relationships and lead activities and client interactions related to your practice area.Design new services from scratch.
115,6,Lead Product Designer UX/UI,CogX,Hybrid remote in London W1B,"£90,000 - £120,000 a year","Create impactful designs that capture and promote our company vision.Support the Product, Design, Event and Marketing team."
116,7,frog - Senior Motion Designer,Capgemini Invent,London,,You will develop trusted client relationships and lead activities and client interactions related to your practice area.
117,8,newfrog - Service Designer (Public Sector),Capgemini Invent,London,,Strong knowledge of interaction design principles and experience in creating design systems documentation particularly as applied to web-based and mobile…
118,9,UI Visual Designer,Capgemini,Hybrid remote in London,,"As a user cenetred design advocate, you will deliver value for our clients and the business and have a strong portfolio and track record to demonstrate this."
119,10,Crypto-asset Analytical Framework Designer,ZM Financial Systems,Remote in London,,"Our data, analytical solutions and insights help decision-makers identify opportunities and manage the risks of doing business with others."
120,11,"Senior Research Scientist, Reinforcement Learning",Spotify,Remote in London,,"You will work in collaboration with other scientists, engineers, product managers, designers, user researchers, and analysts across Spotify to design creative…"
121,12,frog - Senior Service Designer,Capgemini Invent,London,,Comfort working closely with product designers and technologists.You will develop trusted client relationships and lead activities and client interactions…
122,13,Deal Solution Designer,EY,London SE1,,"Coach detailed designers and business analysts (etc) during their design work.As an EY Global Managed Services – Deal solution designer (DSD), you directly…"
123,14,Senior Technical UX Designer (UX Engineer) - QuantumBlack La...,McKinsey & Company,London,,"These tools draw on the latest insights from our client work and research & development efforts, and deliver solutions as part of delightful experiences."
124,15,Creative Technologist / Digital Designer,PLAYGROUND XYZ,London,,Read through briefs placed on our Kanban board by our sales team or producer.Juggling competing deadlines and be cognitive and assertive with prioritisation…
125,16,Software Engineering Manager,Marks & Spencer,London,,"You will be championing Engineering excellence for one of the key strategic areas for M&S, which drives Personalisation and Growth across all our Digital…"
126,17,frog - Senior Product Designer,Capgemini Invent,London,,You will develop trusted client relationships and lead activities and client interactions related to your practice area.A focus on process and proof.
127,18,Product Designer,YOOX NET-A-PORTER GROUP,London,,"Executing visual and interaction design across YNAP product alongside the Product Design Team.Clear understanding in usability, information architecture and…"
128,19,"Senior UX Designer, Alexa Shopping, Alexa Shopping",Amazon UK Services Ltd.,London,,"A bachelor's degree in design, interaction or a related UX degree, or commensurate industry experience.You will define concept and execution, articulating end…"
129,20,Mid-Weight Designer,Infosys,Hybrid remote in London,,"Designing consistent and reliable quality designs.Mastery of the design fundamentals, great attention to detail and pixel perfect creative output."
130,21,2022 Graduate Software Engineer,Sagentia,Epsom,,You will also be involved with and support direct interaction with clients through regular external project update meetings.
131,22,newExperience Lead (Visual Design),Publicis Sapient,Temporarily Remote in London,,"Comfortable leading interaction and motion design for digital products.Experience managing and mentoring designers, and supporting their growth."
132,23,Senior Product Designer - EY's Hive - Open to flexible worki...,EY,Remote in London SE1,,"Coach – coach and encourage junior product designers in a continuous learning environment.As a senior member of the team, you will help build UX maturity…"
133,24,"UX Designer, Alexa Shopping team",Amazon Dev Centre (London) Ltd,London,,"A bachelor's degree in design, interaction or a related UX degree, or commensurate industry experience.You will define concept and execution, articulating end…"
134,25,Junior Technical UX Designer (UX Engineer) - QuantumBlack La...,McKinsey & Company,London,,"Graduate degree in design, human computer interaction, computer science, or a related field.... work alongside senior designers to create products and…"
135,26,Customer Experience - Senior Designer - London & Edinburgh,EY,London E14,,"Understand mental models and build wireframes and prototypes in accordance with interaction design principles.Structure, Meaning, Reading Order, Global Code."
136,27,Management Consultant - Logistics Operations (Retail/Consume...,Capgemini Invent,London,,"Communication skills – proven interaction with suppliers, company employees, and customers on a regular basis."
137,28,frog - Director - Brand Strategy,Capgemini Invent,London,,Brand experience (translating brand definition and expression across digital and physical interactions).Frog partners with customer-centric enterprises to…
138,29,UX - Senior UX Researcher,Ipsos,London,,"Good understanding of interaction design, and visual design principles.Work closely with client’s designers and developers to translate user insights and…"
139,30,Lead Software Engineer (London or UK Remote),Atom Learning,Remote in London,,"Each pod is multi-disciplinary and usually consists of engineers, designers, data analysts and a product manager."
140,31,Backend Engineer,PredictX,London,,"Technical understanding of infrastructure components, their dependencies, and interactions between servers, virtual systems, networks, databases, web…"
141,32,Visual designer,Morgan McKinley,London,,"Strong practical understanding of UX and interaction design.Exceptional communication skills with project managers, designers and developers."
142,33,Senior Product Designer,Zebra People,London,,Executing interaction design and visual design as a part of a multi disciplinary team.You’d be part of the Experimentation/CRO aka Growth team – all to do with…
143,34,frog - Senior Copywriter,Capgemini Invent,London,,You will develop trusted client relationships and lead activities and client interactions related to your practice area.
144,35,"UX Designer, Alexa Shopping",Amazon UK Services Ltd.,London,,"A bachelor's degree in design, interaction or a related UX degree, or commensurate industry experience.Several years of experience as a UX/Interaction Designer…"
145,36,Fullstack Engineer,PredictX,Hybrid remote in London,,"Technical understanding of infrastructure components, their dependencies, and interactions between servers, virtual systems, networks, databases, web…"
146,37,"Senior UX Designer, Alexa Shopping",Amazon Dev Centre (London) Ltd,London,,"A bachelor's degree in design, interaction or a related UX degree, or commensurate industry experience.You will define concept and execution, articulating end…"
147,38,"frog - Product Manager (Innovation, Strategy & Design)",Capgemini Invent,London,,Leading activities and client interactions that relate to your practice area.As an experienced practitioner you will work within multidisciplinary teams to…
148,39,Senior Performance Analysis Engineer,Imagination Technologies,Remote in Kings Langley,,"Where possible, you will provide feedback to HW and SW designers with the goal of improved product competitiveness, both for performance and power."
149,40,Business Intelligence Analyst - Implementation,PredictX,Hybrid remote in London,,"Technical understanding of infrastructure components, their dependencies, and interactions between servers, virtual systems, networks, databases, web…"
150,41,Senior UX Designer,Client Server,Hybrid remote in Reigate,,Strong visual and interaction design skills.Experience as a UX/UI designer working across the entire lifecycle.Appreciation of current and emerging UX trends.
151,42,Senior UX Designer - UK,Dataiku,London,,"Negotiate requirements and designs with product managers, designers, and developers.This role requires leadership in user research, experience design,…"
152,43,"Software Development Engineer, Text-To-Speech Voices & Langu...",Evi Technologies Limited,London,,"Degree in Computer Science, Software Engineering or equivalent experience.4+ years of industry experience.You'll need to be passionate about machine learning…"
153,44,Devops Engineer,PredictX,Hybrid remote in London,,"Technical understanding of infrastructure components, their dependencies, and interactions between servers, virtual systems, networks, databases, web…"
154,45,VP of Design,Trust In Soda,Hybrid remote in London,"£100,000 - £120,000 a year","7+ years of experience as a user experience designer, interaction designer, product designer, or similar role designing mobile, web, and/or other applications."
155,46,Deal Solutions Architect,EY,London SE1,,"Coach detailed designers and business analysts (etc) during their design work.As an EY Global Managed Services – Deal solution designer (DSD), you directly…"
156,47,Supply Chain Solution Architect,IBM,London,,"Work closely with sales and solution partners by proposing solutions, demonstrating the technology, helping respond to Request for Proposals (RFPs) and serving…"
157,48,Senior UI/UX Designer (UI weighted),Michael Page UK,London,"£70,000 - £80,000 a year","Familiarity with using and interpreting data from product & interaction analytics tools such us Mixpanel, Heap, Hotjar, Fullstory etc."
158,49,UX / UI Designer / Product Designer - InsurTech,Client Server,Hybrid remote in Reigate,"£70,000 - £80,000 a year",Strong visual and interaction design skills.Experience as a UX/UI designer working across the entire lifecycle.Appreciation of current and emerging UX trends.
159,50,UX/UI Designer,Yepic AI,London W1K,"£31,000 - £50,000 a year","Excellent visual design skills with sensitivity to user-system interaction.Create wireframes, storyboards, user flows, process flows, and site maps to…"
160,51,Product Manager - AI/ML,7Bridges,Hybrid remote in London,,The ability to think about product design decisions and have meaningful conversations with our designers to create simple user interfaces.
161,52,UI/UX Designer,Emotech Ltd,Temporarily Remote in London,"£32,415 - £75,256 a year","Work with a multidisciplinary team made up of designers, engineers, business strategists and scientists in a fast-paced, rapidly changing environment."
162,53,Senior UI Designer,Humn.ai,Remote in London W6,,Excellent knowledge of established design and interaction patterns.Humn is transforming the insurance industry by connecting data to make insurance smarter.
163,54,Senior Product Designer,Yoti,London,,"Interaction design - You are confident facing complicated interaction problems, and can come up with simple, usable and creative solutions."
164,55,"Senior Product Designer, Video Calling and Messaging (Mobile...",Babylon,Remote in London,,"A solid foundation of interaction design, communication design and user-centered methods likely based upon an academic degree in design or HCI."
165,56,newSenior UI/UX Designer,Emotech Ltd,Temporarily Remote in London,"Up to £60,000 a year","Drive product development with a team of scientists, engineers, designers, researchers and developers.We’re looking for a Senior Product Designer who will…"
166,57,Senior Product Designer,Tech Heads,Remote in London,"Up to £80,000 a year","Confidence with prototyping tools for interaction design, such as Principle.5+ years’ experience as a product designer (we will consider applications from…"
167,58,Product Owner,Intent HQ,London SW1Y,,"Work closely with the Senior Product Manager to build a product that fits with our target markets and the company portfolio, acting as the voice of the customer…"
168,59,Product Manager - Research Environment,Genomics England,Hybrid remote in London,,"Translate user needs into compelling stories designers can use to draw user flows and interactions, and developers can use to build the product."
169,60,Senior User Experience Designer,dunnhumby,London,,"Explain complex concepts, designs and interaction models to a variety of internal audiences.Using big data, deep expertise and AI-driven platforms to decode…"
170,61,Product Designer UX/UI,Informa Tech,London SE1,,"Have a broad range of skills covering the design process end to end: User research, personas, user journeys, information architecture, interaction design,…"
171,62,Senior Product Owner Officer,InstaDeep,Remote in London W2,,"In particular, you will be responsible for defining an effective marketing strategy and collaborating in deploying the right user experience, user interface,…"
172,63,VP Design & Research,Flo Health,Hybrid remote in London,,"7+ years of experience as a user experience designer, interaction designer, product designer or similar role designing mobile, web, and/or other applications."
173,64,User Researcher,Methods Business and Digital Technology,London EC1N,,"This research informs the proposition, service, content and interaction design so that services work well for users and achieves project aims."
174,65,Full Stack Engineer (Front end leaning),Tractable,London,,It is a varied role that requires both interaction with other software engineering teams maintaining the outward facing interfaces as well as with the…
175,66,Senior Python Developer,Humanising Autonomy,London WC2R,,"You will be part of the core technical team of engineers, data scientists, and behavioural scientists, and will involve implementing our tech in products and…"
176,67,Senior Regional Account Manager,Launchmetrics,Remote in London W1B,,"Establishing ongoing interaction with key stakeholders, decision-makers and influencers within the customer base to align Launchmetrics’ current and future…"
177,68,newSenior Digital Product Designer,Canopy,London E15,,"Mentor others in their professional development as designers.Develop visual identity systems, visual design, and define interaction patterns."
178,69,Consultant Engineer (Cross-Platform),Tigerspike,London,,Create Component interaction diagrams that factor in feedback from Tigerspike engineers and client SMEs.Given the growth in demand for mobile solutions of…
179,70,Senior Product Designer,Poly AI,London,,"Broad expertise - A strong command of interaction design, visual design and information architecture with a mind for simplicity."
180,71,Senior full stack Engineer back end leaning,Tractable Global,London,,It is a varied role that requires both interaction with other software engineering teams maintaining the outward facing interfaces as well as with the…
181,72,UI/UX Designer,Faculty,London,,"Creating high quality visuals and interactions, based on a strong understanding of good design principles as well as the Faculty brand."
182,73,UX Manager- Ivanti Experience Management,Ivanti,Remote in London,,"Ivanti's Experience Management portfolio includes solutions for IT Service Management tools, and our line of business offerings like service management tools…"
183,74,UX Manager - Ivanti Neurons Platform,Ivanti,Remote in London,,They have a practiced eye for effective design and are committed to creating elegantly simple user experiences from otherwise complex workflows.
184,75,Digital Product Designer (UX/UI),Vector.ai,London,,Engage in problem discovery via user research and through direct requests from clients.Contribute to solution facilitation trough ideation sessions with cross…
185,76,Lead UX,Digital Recruitment Company,London,,"The kinds of activities and deliverables they’d expect you to do with your eyes closed are user journeys, wireframes and prototypes, personalisation, MVT, SEO…"
186,77,Senior full stack Engineer back end leaning,Tractable,London,,It is a varied role that requires both interaction with other software engineering teams maintaining the outward facing interfaces as well as with the…
187,78,Full Stack Engineer (Frontend leaning),Tractable Global,London,,It is a varied role that requires both interaction with other software engineering teams maintaining the outward facing interfaces as well as with the…
188,0,Lead Product Designer - Medical Guidance,Buoy Health,"Remote in New York, NY+1 location",,"6–8+ years of experience in product design, user experience design, interaction design, and/or visual design across platforms on shipped consumer experiences,…"
189,1,"Associate, Digital Product Designer",KPMG,"New York, NY",,"Familiar with Agile and Lean UX methodologies, interaction design (IxD), user experience design (UX), visual experience design (VX), branding, content strategy,…"
190,2,Product User Experience Designer,NANOTRONICS IMAGING INC,"Brooklyn, NY 11205 (Fort Green area)",,Mastery of human-computer interaction principles.Use customer insights from customer interactions and internal customer facing teams to help inform business…
191,3,"UX Designer, AWS AI - New York, Seattle, Bay Area",Amazon.com Services LLC,"New York, NY+1 location",,"3+ years of experience as a user experience designer, product designer, interaction designer, or similar role."
192,4,UI/UX Designer,Accrete.AI,"New York, NY",,We are looking for a Product Designer with experience in data visualization and enterprise-oriented product design.
193,5,Senior Product Designer (Remote Available),Kaia Health Software GmbH,"Remote in New York, NY",,"You have an impressive portfolio showcasing both conceptual interaction design work as well as a clear understanding of typography, simplicity and visual design…"
194,6,"Manager, Product Experience Design",MasterCard,"Purchase, NY 10577",,"Empathetic champion of the user – passionate about the detail of great usability, interaction design and aesthetics to give the best possible UX."
195,7,"Conversational AI and VUI Designer, Consultant - Applied Art...",Deloitte,"New York, NY",,"Bachelor's degree in linguistics, English/creative writing/literatures, human-computer interaction, interaction design, or a related content or design field."
196,8,newProduct Designer,Biz2Credit Inc,"New York, NY 10119 (Chelsea area)",,"Design product features, workflows and interactions.Our AI-powered digital banking platform helps financial institutions such as HSBC and Popular Bank automate…"
197,9,UI Designer,WONGDOODY,"Remote in New York, NY+1 location",,"Design and communicate effectively through design patterns, micro interactions, and prototypes.Bachelor's Degree or above in communication, interaction,…"
198,10,Product Designer,Yext,"New York, NY 10010 (NoMad area)",,2+ years of professional experience as a product or UX designer for SaaS interfaces.Openness to collaboration and receiving feedback from other product…
199,11,VUI Designer/ UX,CapB InfoteK,"Remote in New York, NY",,Have a command of the conversational/omni channel interaction design.For our growing needs we need consultants who can work with us on salaried or contract…
200,12,Lead Product Designer,Materialize,"New York, NY",,"Experience with fit-and-finish interaction design: clickables, animations, etc.In addition to designing the end-to-end experience of the product, the lead…"
201,13,Senior Product Designer - Growth,Momentive,"Remote in New York, NY",,"Degree in user experience design, interaction design, graphic design, human factors engineering, or related fields."
202,14,UI/UX Designer,Accrete,"New York, NY",,We are looking for a Product Designer with experience in data visualization and enterprise-oriented product design.
203,15,Sr. UX Designer,TA Digital,"New York, NY",,"Lead communication and collaboration between product interaction designers, visual designers, content strategists, and copywriters to ensure alignment of UX…"
204,16,"Associate, Digital Product Designer",KPMG,"New York, NY",,"Familiar with Agile and Lean UX methodologies, interaction design (IxD), user experience design (UX), visual experience design (VX), branding, content strategy,…"
205,17,Product User Experience Designer,NANOTRONICS IMAGING INC,"Brooklyn, NY 11205 (Fort Green area)",,Mastery of human-computer interaction principles.Use customer insights from customer interactions and internal customer facing teams to help inform business…
206,18,"UX Designer, AWS AI - New York, Seattle, Bay Area",Amazon.com Services LLC,"New York, NY+1 location",,"3+ years of experience as a user experience designer, product designer, interaction designer, or similar role."
207,19,UI/UX Designer,Accrete.AI,"New York, NY",,We are looking for a Product Designer with experience in data visualization and enterprise-oriented product design.
208,20,Senior Product Designer (Remote Available),Kaia Health Software GmbH,"Remote in New York, NY",,"You have an impressive portfolio showcasing both conceptual interaction design work as well as a clear understanding of typography, simplicity and visual design…"
209,21,"Manager, Product Experience Design",MasterCard,"Purchase, NY 10577",,"Empathetic champion of the user – passionate about the detail of great usability, interaction design and aesthetics to give the best possible UX."
210,22,"Conversational AI and VUI Designer, Consultant - Applied Art...",Deloitte,"New York, NY",,"Bachelor's degree in linguistics, English/creative writing/literatures, human-computer interaction, interaction design, or a related content or design field."
211,23,newProduct Designer,Biz2Credit Inc,"New York, NY 10119 (Chelsea area)",,"Design product features, workflows and interactions.Our AI-powered digital banking platform helps financial institutions such as HSBC and Popular Bank automate…"
212,24,UI Designer,WONGDOODY,"Remote in New York, NY+1 location",,"Design and communicate effectively through design patterns, micro interactions, and prototypes.Bachelor's Degree or above in communication, interaction,…"
213,25,Product Designer,Yext,"New York, NY 10010 (NoMad area)",,2+ years of professional experience as a product or UX designer for SaaS interfaces.Openness to collaboration and receiving feedback from other product…
214,26,VUI Designer/ UX,CapB InfoteK,"Remote in New York, NY",,Have a command of the conversational/omni channel interaction design.For our growing needs we need consultants who can work with us on salaried or contract…
215,27,Lead Product Designer,Materialize,"New York, NY",,"Experience with fit-and-finish interaction design: clickables, animations, etc.In addition to designing the end-to-end experience of the product, the lead…"
216,28,Senior Product Designer - Growth,Momentive,"Remote in New York, NY",,"Degree in user experience design, interaction design, graphic design, human factors engineering, or related fields."
217,29,UI/UX Designer,Accrete,"New York, NY",,We are looking for a Product Designer with experience in data visualization and enterprise-oriented product design.
218,30,Sr. UX Designer,TA Digital,"New York, NY",,"Lead communication and collaboration between product interaction designers, visual designers, content strategists, and copywriters to ensure alignment of UX…"
219,0,Designer 2,Microsoft,"Bellevue, WA+2 locations",,"You will partner with AI product PM and engineering teams to research, design, and implement these capabilities.Design, HCI degree or equivalent experience."
220,1,UX/UI Designer,MAQ Software,"Redmond, WA 98052",,"Solve all sorts of design challenges with creativity, efficiency, and precision; a full stack designer (interaction, usability, graphic design, HTML, CSS, Power…"
221,2,Product Designer 2,Microsoft,"Redmond, WA 98052 (Overlake area)",,"Partner closely with designers, user researchers, and other disciplines to ensure proposed interactions and goals are on target."
222,3,"AI/ML - User Experience Designer, Annotation Operations",Apple,"Seattle, WA",,"5+ years experience as a designer defining user interfaces for commercial web, mobile or desktop software products."
223,4,Senior Product Designer,Microsoft,"Redmond, WA 98052 (Overlake area)+1 location",,"Inspire and mentor other designers and researchers.Ability to quickly produce elegant and easily understood diagrams, wireframes, concept maps, prototypes,…"
224,5,UX Designer — Voice of the Customer Heartbeat,Amazon.com Services LLC,"Seattle, WA+6 locations",,"4+ years experience as a user experience designer, interaction designer, or similar role.A designer who can create elegant interfaces and visualize data."
225,6,"Sr. VUI Designer, Alexa Skills Kit, Alexa Content, Experienc...",Amazon.com Services LLC,"Seattle, WA",,6+ years professional experience as an VUI designer / user experience designer; experience in human computer interaction related to voice interfaces.
226,7,Senior User Researcher,Microsoft,"Redmond, WA 98052 (Overlake area)+2 locations",,"Collaborate closely with product teams, Microsoft designers, PMs, engineers, and business developers to plan, execute, measure and report findings and insights…"
227,8,"UX Research Scientist, Audio",Oculus,"Redmond, WA",,4+ years of experience in conducting UX-focused research on consumer technology hardware and software interactions in an industry setting.
228,9,"Multimodal Designer, Alexa Personalization",Amazon.com Services LLC,"Seattle, WA",,3+ years professional experience as an interaction designer / user experience designer; experience in human computer interaction.
229,10,Principal UX Engineer,PointClickCare,"Remote in Seattle, WA",,"Collaborate with other advanced technology applied researchers, designers, product managers, engineers and others to develop experiences, share learning, and…"
230,11,Senior User Researcher - Analytics,Salesforce,"Seattle, WA",,"Work on fast-paced projects, requiring attention to detail, working within constrained timelines, and strong collaboration with cross-functional teams (UX…"
231,12,Designer 2 - Microsoft Digital Studio,Microsoft,"Redmond, WA 98052 (Overlake area)+1 location",,"Ability to quickly produce elegant and easily understood diagrams, wireframes, concept maps, prototypes, interaction guidelines and other related artifacts with…"
232,13,"Senior UX Designer, Consumer Electronics Retail",Amazon.com Services LLC,"Seattle, WA",,"7+ years of professional work experience as a user experience designer, interaction designer, information architect, or similar UX-related role, on enterprise…"
233,14,Senior User Researcher - Analytics,Tableau,"Seattle, WA",,"Work on fast-paced projects, requiring attention to detail, working within constrained timelines, and strong collaboration with cross-functional teams (UX…"
234,15,"Head of Design and Research, Alexa Developer Experiences and...",Amazon.com Services LLC,"Seattle, WA+1 location",,"Experience leading in a collaborative multi-disciplinary team alongside other senior leaders, designers, product managers and software developers."
235,16,Designer 2 - Microsoft Digital Studio,Microsoft,"Redmond, WA 98052 (Overlake area)+1 location",,"Ability to quickly produce elegant and easily understood diagrams, wireframes, concept maps, prototypes, interaction guidelines and other related artifacts with…"
236,17,"AI/ML Conversation Designer, Siri Experience",Apple,"Seattle, WA",,"The Siri Conversational Interaction design team is seeking a highly experienced interaction designer to develop new Siri behaviors and features, and to improve…"
237,18,"AI/ML - User Experience Designer, Annotation Operations",Apple,"Seattle, WA",,"5+ years experience as a designer defining user interfaces for commercial web, mobile or desktop software products."
238,19,"Sr. VUI Designer, Alexa Skills Kit, Alexa Content, Experienc...",Amazon.com Services LLC,"Seattle, WA",,6+ years professional experience as an VUI designer / user experience designer; experience in human computer interaction related to voice interfaces.
239,20,UX Designer — Voice of the Customer Heartbeat,Amazon.com Services LLC,"Seattle, WA+6 locations",,"4+ years experience as a user experience designer, interaction designer, or similar role.A designer who can create elegant interfaces and visualize data."
240,21,"Multimodal Designer, Alexa Personalization",Amazon.com Services LLC,"Seattle, WA",,3+ years professional experience as an interaction designer / user experience designer; experience in human computer interaction.
241,22,Senior User Researcher - Analytics,Tableau,"Seattle, WA",,"Work on fast-paced projects, requiring attention to detail, working within constrained timelines, and strong collaboration with cross-functional teams (UX…"
242,23,Senior Product Designer,Microsoft,"Redmond, WA 98052 (Overlake area)+1 location",,"Inspire and mentor other designers and researchers.Ability to quickly produce elegant and easily understood diagrams, wireframes, concept maps, prototypes,…"
243,24,Senior User Researcher - Analytics,Salesforce,"Seattle, WA",,"Work on fast-paced projects, requiring attention to detail, working within constrained timelines, and strong collaboration with cross-functional teams (UX…"
244,25,UX/UI Designer,MAQ Software,"Redmond, WA 98052",,"Solve all sorts of design challenges with creativity, efficiency, and precision; a full stack designer (interaction, usability, graphic design, HTML, CSS, Power…"
245,26,Senior User Researcher,Microsoft,"Redmond, WA 98052 (Overlake area)+2 locations",,"Collaborate closely with product teams, Microsoft designers, PMs, engineers, and business developers to plan, execute, measure and report findings and insights…"
246,27,"UX Research Scientist, Audio",Oculus,"Redmond, WA",,4+ years of experience in conducting UX-focused research on consumer technology hardware and software interactions in an industry setting.
247,28,"Senior UX Designer, Consumer Electronics Retail",Amazon.com Services LLC,"Seattle, WA",,"7+ years of professional work experience as a user experience designer, interaction designer, information architect, or similar UX-related role, on enterprise…"
248,29,Principal UX Engineer,PointClickCare,"Remote in Seattle, WA",,"Collaborate with other advanced technology applied researchers, designers, product managers, engineers and others to develop experiences, share learning, and…"
249,30,"Head of Design and Research, Alexa Developer Experiences and...",Amazon.com Services LLC,"Seattle, WA+1 location",,"Experience leading in a collaborative multi-disciplinary team alongside other senior leaders, designers, product managers and software developers."
250,31,Designer 2 - Microsoft Digital Studio,Microsoft,"Redmond, WA 98052 (Overlake area)+1 location",,"Ability to quickly produce elegant and easily understood diagrams, wireframes, concept maps, prototypes, interaction guidelines and other related artifacts with…"
251,0,UI / UX Designer,Hive,"San Francisco, CA",,You will work closely with the product team to conceptualize and execute on designs to solve problems for our products.Biased toward action and execution.
252,1,"Product Designer, User Experience – Early Professional (2022...",C3 AI,"Redwood City, CA",,Assist in the creation of interaction designs: collaborating with other designers and stakeholders to determine how users will navigate and interact with C3 AI…
253,2,"Product Designer, Intelligence and Defense",C3 AI,"Redwood City, CA+2 locations",,"Drive end-to-end interaction design, gaining alignment on the design of C3 AI products.We are looking for experienced Product Designers with exemplary research…"
254,3,Lead Designer,Hive,"San Francisco, CA",,Translate complex concepts and interactions into visually coherent wireframes and prototypes.Effectively manage a team of designers and provide creative…
255,4,"Sr Experience Designer, AI and Innovation",Adobe,"San Francisco, CA+1 location",,"BA/BFA degree in HCI or design-related field, with an emphasis on user experience, interaction design, or visual design."
256,5,newSenior Product Designer,Microsoft,"San Francisco, CA",,"Strong portfolio that demonstrates your creative thinking, visual design skills, design process, UX flows and interaction patterns."
257,6,Principal User Experience Designer,Oracle,"Redwood City, CA 94065 (Marine area)",,"You’re a full stack user experience designer.May develop user profiles, with emphasis on human error control, display issues, visual interaction, physical…"
258,7,UX Designer- Alexa Shopping,Amazon.com Services LLC,"San Francisco, CA",,"3+ years of experience in delivering design solutions as a UX designer, or interaction designer.A bachelor's degree in design, interaction or a related UX…"
259,8,"Sr Staff Designer, Document Cloud",Adobe,"San Francisco, CA",,"College degree in HCI or design related field, with an emphasis on user experience, interaction design, or visual design.Be an advocate for the user."
260,9,Principal Product Designer - AI Toolchain,Microsoft,"Berkeley, CA 94704 (Downtown Berkeley area)",,"Partner with product management, software engineers and other designers to deliver thoughtful design solutions.Prior entrepreneurial experience is a plus."
261,10,"Sr Experience Designer, ML/AI for Video and Audio",Adobe,"Remote in San Francisco, CA",,"Prior experience crafting products for designers, artists, and other creatives.Experience as a designer on collaborative teams, working on multiple dynamic…"
262,11,UX Researcher,C3 AI,"Redwood City, CA",,"You have a passion for complex products and tools.You understand the mindset and tasks frequently performed by engineers, data scientists, and analysts."
263,12,Sr. Product Designer - Amazon Music,Amazon.com Services LLC,"San Francisco, CA+1 location",,"You will be working from high-level requirements to define design flows, interactions, and content strategies in collaboration with business leaders, engineers,…"
264,13,"Principal Designer, UX",Ancestry,"San Francisco, CA 94107 (Mission Bay area)",,"10+ years of industry experience as a UX designer, interaction designer, or similar design-related role.Collaborate with other designers to maintain design…"
265,14,"Senior Product Designer, Design Systems",C3 AI,"Redwood City, CA",,"Accountable for design quality and cohesion across all product teams, and actively engages other designers to help maintain consistency."
266,15,Product Designer,Clockwise,"Remote in San Francisco, CA",,"Experience working in all phases of the software product development process, from ideation to detailed interaction and visual design."
267,16,Senior Product Designer,Heartex,"Remote in San Francisco, CA",,"Experience creating and contributing to design systems and working with other designers.This data flows inside organizations between departments, customer…"
268,17,UX Designer/ Senior Designer,Legion,"Remote in Redwood City, CA",,"Collaborate with product managers, customers, engineers, and other designers to build new features and products.Experience with enterprise SaaS solutions."
269,18,"Product Designer, Intelligence and Defense",C3 AI,"Redwood City, CA+2 locations",,"Drive end-to-end interaction design, gaining alignment on the design of C3 AI products.We are looking for experienced Product Designers with exemplary research…"
270,19,"Sr Experience Designer, AI and Innovation",Adobe,"San Francisco, CA+1 location",,"BA/BFA degree in HCI or design-related field, with an emphasis on user experience, interaction design, or visual design."
271,20,"Sr Experience Designer, ML/AI for Video and Audio",Adobe,"Remote in San Francisco, CA",,"Prior experience crafting products for designers, artists, and other creatives.Experience as a designer on collaborative teams, working on multiple dynamic…"
272,21,"Principal Designer, UX",Ancestry,"San Francisco, CA 94107 (Mission Bay area)",,"10+ years of industry experience as a UX designer, interaction designer, or similar design-related role.Collaborate with other designers to maintain design…"
273,22,newSenior Product Designer,Microsoft,"San Francisco, CA",,"Strong portfolio that demonstrates your creative thinking, visual design skills, design process, UX flows and interaction patterns."
274,23,"Product Designer, User Experience – Early Professional (2022...",C3 AI,"Redwood City, CA",,Assist in the creation of interaction designs: collaborating with other designers and stakeholders to determine how users will navigate and interact with C3 AI…
275,24,Lead Designer,Hive,"San Francisco, CA",,Translate complex concepts and interactions into visually coherent wireframes and prototypes.Effectively manage a team of designers and provide creative…
276,25,UX Designer- Alexa Shopping,Amazon.com Services LLC,"San Francisco, CA",,"3+ years of experience in delivering design solutions as a UX designer, or interaction designer.A bachelor's degree in design, interaction or a related UX…"
277,26,UX Researcher,C3 AI,"Redwood City, CA",,"You have a passion for complex products and tools.You understand the mindset and tasks frequently performed by engineers, data scientists, and analysts."
278,27,Principal User Experience Designer,Oracle,"Redwood City, CA 94065 (Marine area)",,"You’re a full stack user experience designer.May develop user profiles, with emphasis on human error control, display issues, visual interaction, physical…"
279,28,"Sr Staff Designer, Document Cloud",Adobe,"San Francisco, CA",,"College degree in HCI or design related field, with an emphasis on user experience, interaction design, or visual design.Be an advocate for the user."
280,29,"Senior Product Designer, Design Systems",C3 AI,"Redwood City, CA",,"Accountable for design quality and cohesion across all product teams, and actively engages other designers to help maintain consistency."
281,30,Product Designer,Clockwise,"Remote in San Francisco, CA",,"Experience working in all phases of the software product development process, from ideation to detailed interaction and visual design."
282,31,Senior Product Designer,Heartex,"Remote in San Francisco, CA",,"Experience creating and contributing to design systems and working with other designers.This data flows inside organizations between departments, customer…"
283,32,UX Designer/ Senior Designer,Legion,"Remote in Redwood City, CA",,"Collaborate with product managers, customers, engineers, and other designers to build new features and products.Experience with enterprise SaaS solutions."
284,0,Designer 2,Microsoft,"Redmond, WA 98052 (Overlake area)+2 locations",,"To bring this vision to fruition, we are looking for a passionate UX designer to help drive responsible innovation and principled design thinking through the…"
285,1,Product Designer 2,Microsoft,"Redmond, WA 98052 (Overlake area)",,"Partner closely with designers, user researchers, and other disciplines to ensure proposed interactions and goals are on target."
286,2,"AI/ML - User Experience Designer, Annotation Operations",Apple,"Seattle, WA",,"5+ years experience as a designer defining user interfaces for commercial web, mobile or desktop software products."
287,3,"Senior UX Designer, Cloud User Experience",NVIDIA,Remote in Washington State,,"This team comprises extraordinary developers and designers, and product managers who work closely with members of the Deep Learning & AI community."
288,4,UX Designer — Voice of the Customer Heartbeat,Amazon.com Services LLC,"Seattle, WA+6 locations",,"4+ years experience as a user experience designer, interaction designer, or similar role.A designer who can create elegant interfaces and visualize data."
289,5,"Sr. VUI Designer, Alexa Skills Kit, Alexa Content, Experienc...",Amazon.com Services LLC,"Seattle, WA",,6+ years professional experience as an VUI designer / user experience designer; experience in human computer interaction related to voice interfaces.
290,6,Senior Product Designer,Microsoft,"Redmond, WA 98052 (Overlake area)+1 location",,"Inspire and mentor other designers and researchers.Ability to quickly produce elegant and easily understood diagrams, wireframes, concept maps, prototypes,…"
291,7,Senior User Researcher,Microsoft,"Redmond, WA 98052 (Overlake area)+2 locations",,"Collaborate closely with product teams, Microsoft designers, PMs, engineers, and business developers to plan, execute, measure and report findings and insights…"
292,8,"Multimodal Designer, Alexa Personalization",Amazon.com Services LLC,"Seattle, WA",,3+ years professional experience as an interaction designer / user experience designer; experience in human computer interaction.
293,9,UX/UI Designer,MAQ Software,"Redmond, WA 98052",,"Solve all sorts of design challenges with creativity, efficiency, and precision; a full stack designer (interaction, usability, graphic design, HTML, CSS, Power…"
294,10,"UX Research Scientist, Audio",Oculus,"Redmond, WA",,4+ years of experience in conducting UX-focused research on consumer technology hardware and software interactions in an industry setting.
295,11,Senior User Researcher - Analytics,Salesforce,"Seattle, WA",,"Work on fast-paced projects, requiring attention to detail, working within constrained timelines, and strong collaboration with cross-functional teams (UX…"
296,12,Senior User Researcher - Analytics,Tableau,"Seattle, WA",,"Work on fast-paced projects, requiring attention to detail, working within constrained timelines, and strong collaboration with cross-functional teams (UX…"
297,13,Principal UX Engineer,PointClickCare,"Remote in Seattle, WA",,"Collaborate with other advanced technology applied researchers, designers, product managers, engineers and others to develop experiences, share learning, and…"
298,14,"Senior UX Designer, Consumer Electronics Retail",Amazon.com Services LLC,"Seattle, WA",,"7+ years of professional work experience as a user experience designer, interaction designer, information architect, or similar UX-related role, on enterprise…"
299,15,"Head of Design and Research, Alexa Developer Experiences and...",Amazon.com Services LLC,"Seattle, WA+1 location",,"Experience leading in a collaborative multi-disciplinary team alongside other senior leaders, designers, product managers and software developers."
300,16,Designer 2 - Microsoft Digital Studio,Microsoft,"Redmond, WA 98052 (Overlake area)+1 location",,"Ability to quickly produce elegant and easily understood diagrams, wireframes, concept maps, prototypes, interaction guidelines and other related artifacts with…"
